original_path,output_path,articleurl,status,footer_used
khichdi-purv.html,khichdi-purv.html,yes,merged,/Users/prashantdhingra/e/a3_output/sankranti.net/output/content/footer.fragment
makarsankranti-information.html,makarsankranti-information.html,yes,merged,/Users/prashantdhingra/e/a3_output/sankranti.net/output/content/footer.fragment
sankranti-names.html,different-names-of-sankranti.html,yes,merged,/Users/prashantdhingra/e/a3_output/sankranti.net/output/content/footer.fragment
magh-bihu.html,magh-bihu.html,yes,merged,/Users/prashantdhingra/e/a3_output/sankranti.net/output/content/footer.fragment
sankranti-start-of-spring.html,start-of-spring.html,yes,merged,/Users/prashantdhingra/e/a3_output/sankranti.net/output/content/footer.fragment
receipes.html,receipes.html,yes,merged,/Users/prashantdhingra/e/a3_output/sankranti.net/output/content/footer.fragment
index_recreated.html,index.html,yes,merged,/Users/prashantdhingra/e/a3_output/sankranti.net/output/content/footer.fragment
uttarayan.html,what-is-uttarayaana.html,yes,merged,/Users/prashantdhingra/e/a3_output/sankranti.net/output/content/footer.fragment
pedda-festival.html,what-is-pedda-festival.html,yes,merged,/Users/prashantdhingra/e/a3_output/sankranti.net/output/content/footer.fragment
sankranti-vs-makarsankranti.html,sankranti-vs-makarsankranti.html,yes,merged,/Users/prashantdhingra/e/a3_output/sankranti.net/output/content/footer.fragment
information.html,information.html,yes,merged,/Users/prashantdhingra/e/a3_output/sankranti.net/output/content/footer.fragment
important-sankranti.html,important-sankrantis.html,yes,merged,/Users/prashantdhingra/e/a3_output/sankranti.net/output/content/footer.fragment
lohri.html,lohri.html,yes,merged,/Users/prashantdhingra/e/a3_output/sankranti.net/output/content/footer.fragment
pongal.html,pongal.html,yes,merged,/Users/prashantdhingra/e/a3_output/sankranti.net/output/content/footer.fragment
til-sweets.html,til-sweets.html,yes,merged,/Users/prashantdhingra/e/a3_output/sankranti.net/output/content/footer.fragment
3-day-sankranti-pongal-celebration.html,3-days-of-sankranti-and-pongal-celebration.html,yes,merged,/Users/prashantdhingra/e/a3_output/sankranti.net/output/content/footer.fragment
lohri-festival/lohri-festival.html,lohri-festival/virtual-lohri-festival.html,yes,merged,/Users/prashantdhingra/e/a3_output/sankranti.net/output/content/lohri-festival/footer.fragment
lohri-festival/lohri-celebrating-agriculture-nature-rhythm.html,lohri-festival/index.html,yes,merged,/Users/prashantdhingra/e/a3_output/sankranti.net/output/content/lohri-festival/footer.fragment
lohri-festival/lohri-rituals.html,lohri-festival/rituals.html,yes,merged,/Users/prashantdhingra/e/a3_output/sankranti.net/output/content/lohri-festival/footer.fragment
lohri-festival/lohri-traditional-sweets-recipes.html,lohri-festival/traditional-sweets.html,yes,merged,/Users/prashantdhingra/e/a3_output/sankranti.net/output/content/lohri-festival/footer.fragment
lohri-festival/lohri-food-specialties.html,lohri-festival/lohri-food-items.html,yes,merged,/Users/prashantdhingra/e/a3_output/sankranti.net/output/content/lohri-festival/footer.fragment
lohri-festival/traditional-lohri-songs.html,lohri-festival/lohri-songs.html,yes,merged,/Users/prashantdhingra/e/a3_output/sankranti.net/output/content/lohri-festival/footer.fragment
lohri-festival/kids-lohri.html,lohri-festival/kids-lohri-celebrations.html,yes,merged,/Users/prashantdhingra/e/a3_output/sankranti.net/output/content/lohri-festival/footer.fragment
lohri-festival/lohri-special-food.html,lohri-festival/lohri-special-food-items.html,yes,merged,/Users/prashantdhingra/e/a3_output/sankranti.net/output/content/lohri-festival/footer.fragment
lohri-festival/lohri-history-bonfire-makar-sankranti.html,lohri-festival/bonefire.html,yes,merged,/Users/prashantdhingra/e/a3_output/sankranti.net/output/content/lohri-festival/footer.fragment
lohri-festival/lohri-wishes-26.html,lohri-festival/lohri-wishes-26-a-z.html,yes,merged,/Users/prashantdhingra/e/a3_output/sankranti.net/output/content/lohri-festival/footer.fragment
lohri-festival/traditonal-lohri-foods.html,lohri-festival/traditonal-lohri-food-items.html,yes,merged,/Users/prashantdhingra/e/a3_output/sankranti.net/output/content/lohri-festival/footer.fragment
lohri-festival/first-lohri.html,lohri-festival/first-lohri-celebrations.html,yes,merged,/Users/prashantdhingra/e/a3_output/sankranti.net/output/content/lohri-festival/footer.fragment
lohri-festival/dulla-bhatti.html,lohri-festival/dulla-bhatti-song.html,yes,merged,/Users/prashantdhingra/e/a3_output/sankranti.net/output/content/lohri-festival/footer.fragment
lohri-festival/lohri-songs-meaning.html,lohri-festival/lohri-songs-and-their-meaning.html,yes,merged,/Users/prashantdhingra/e/a3_output/sankranti.net/output/content/lohri-festival/footer.fragment
lohri-festival/lohri-music-dance.html,lohri-festival/music-dance.html,yes,merged,/Users/prashantdhingra/e/a3_output/sankranti.net/output/content/lohri-festival/footer.fragment
lohri-festival/lohri-rituals-and-songs.html,lohri-festival/rituals-and-songs.html,yes,merged,/Users/prashantdhingra/e/a3_output/sankranti.net/output/content/lohri-festival/footer.fragment
lohri-festival/lohri-menu.html,lohri-festival/menu-ideas-lohri.html,yes,merged,/Users/prashantdhingra/e/a3_output/sankranti.net/output/content/lohri-festival/footer.fragment
lohri-festival/lohri-across-generations.html,lohri-festival/how-lohri-changing-with-generations.html,yes,merged,/Users/prashantdhingra/e/a3_output/sankranti.net/output/content/lohri-festival/footer.fragment
lohri-festival/office-lohri.html,lohri-festival/office-lohri-celebration-ideas.html,yes,merged,/Users/prashantdhingra/e/a3_output/sankranti.net/output/content/lohri-festival/footer.fragment
spirituality/aura-colors-slides/aura-colors-decoded.html,spirituality/aura-colors-slides/aura-colors-decoded.html,yes,merged,/Users/prashantdhingra/e/a3_output/sankranti.net/output/content/spirituality/aura-colors-slides/footer.fragment
spirituality/aura-colors-slides/aura-colors-decoded.htm,spirituality/aura-colors-slides/aura-colors-decoded-2.html,yes,"collision, renamed to aura-colors-decoded-2.html",/Users/prashantdhingra/e/a3_output/sankranti.net/output/content/spirituality/aura-colors-slides/footer.fragment
spirituality/horoscope-slides/horoscope-concepts.html,spirituality/horoscope-slides/horoscope-concepts.html,yes,merged,/Users/prashantdhingra/e/a3_output/sankranti.net/output/content/spirituality/horoscope-slides/footer.fragment
spirituality/crystals-gemstones-slides/crystals-gemstones.html,spirituality/crystals-gemstones-slides/crystals-gemstones.html,yes,merged,/Users/prashantdhingra/e/a3_output/sankranti.net/output/content/spirituality/crystals-gemstones-slides/footer.fragment
spirituality/i-ching-slides/i-ching-decoded.html,spirituality/i-ching-slides/i-ching-decoded.html,yes,merged,/Users/prashantdhingra/e/a3_output/sankranti.net/output/content/spirituality/i-ching-slides/footer.fragment
messages/Makarsankranti-wishes.html,messages/index.html,yes,merged,/Users/prashantdhingra/e/a3_output/sankranti.net/output/content/messages/footer.fragment
harvest-festivals/pongal-festival.html,harvest-festivals/pongal-festival.html,yes,merged,/Users/prashantdhingra/e/a3_output/sankranti.net/output/content/harvest-festivals/footer.fragment
harvest-festivals/bihu-assam.html,harvest-festivals/bihu-assam.html,yes,merged,/Users/prashantdhingra/e/a3_output/sankranti.net/output/content/harvest-festivals/footer.fragment
harvest-festivals/ganga-sagar-mela.html,harvest-festivals/ganga-sagar-mela.html,yes,merged,/Users/prashantdhingra/e/a3_output/sankranti.net/output/content/harvest-festivals/footer.fragment
harvest-festivals/bihu-assam-info.html,harvest-festivals/bihu-assam-info.html,yes,merged,/Users/prashantdhingra/e/a3_output/sankranti.net/output/content/harvest-festivals/footer.fragment
harvest-festivals/makarsankranti-webpage.html,harvest-festivals/makarsankranti-webpage.html,yes,merged,/Users/prashantdhingra/e/a3_output/sankranti.net/output/content/harvest-festivals/footer.fragment
harvest-festivals/sankranti-harvest-festival.html,harvest-festivals/index.html,yes,merged,/Users/prashantdhingra/e/a3_output/sankranti.net/output/content/harvest-festivals/footer.fragment
receipes/coconut-ladoo.html,receipes/coconut-ladoo.html,yes,merged,/Users/prashantdhingra/e/a3_output/sankranti.net/output/content/receipes/footer.fragment
receipes/til-gud-ke-ladoo.html,receipes/til-gud-ke-ladoo.html,yes,merged,/Users/prashantdhingra/e/a3_output/sankranti.net/output/content/receipes/footer.fragment
receipes/ganee-ki-kheer.html,receipes/ganee-ki-kheer.html,yes,merged,/Users/prashantdhingra/e/a3_output/sankranti.net/output/content/receipes/footer.fragment
receipes/ideas.html,receipes/index.html,yes,merged,/Users/prashantdhingra/e/a3_output/sankranti.net/output/content/receipes/footer.fragment
cards/sankranti-cards.html,cards/index.html,yes,merged,/Users/prashantdhingra/e/a3_output/sankranti.net/output/content/cards/footer.fragment
shradh-and-pitu-paksha/index.html,shradh-and-pitu-paksha/index.html,no,merged,/Users/prashantdhingra/e/a3_output/sankranti.net/output/content/shradh-and-pitu-paksha/footer.fragment
shradh-and-pitu-paksha/regional-shraddha-traditions-india-nepal/index.html,shradh-and-pitu-paksha/regional-shraddha-traditions-india-nepal/index.html,no,merged,/Users/prashantdhingra/e/a3_output/sankranti.net/output/content/shradh-and-pitu-paksha/regional-shraddha-traditions-india-nepal/footer.fragment
shradh-and-pitu-paksha/shraddha-at-home-puja-ritual-guide/index.html,shradh-and-pitu-paksha/shraddha-at-home-puja-ritual-guide/index.html,no,merged,/Users/prashantdhingra/e/a3_output/sankranti.net/output/content/shradh-and-pitu-paksha/shraddha-at-home-puja-ritual-guide/footer.fragment
shradh-and-pitu-paksha/shraddha-faq-glossary-rules-special-cases/index.html,shradh-and-pitu-paksha/shraddha-faq-glossary-rules-special-cases/index.html,no,merged,/Users/prashantdhingra/e/a3_output/sankranti.net/output/content/shradh-and-pitu-paksha/shraddha-faq-glossary-rules-special-cases/footer.fragment
shradh-and-pitu-paksha/who-can-perform-shraddha-family-roles/index.html,shradh-and-pitu-paksha/who-can-perform-shraddha-family-roles/index.html,no,merged,/Users/prashantdhingra/e/a3_output/sankranti.net/output/content/shradh-and-pitu-paksha/who-can-perform-shraddha-family-roles/footer.fragment
shradh-and-pitu-paksha/shraddha-feeding-charity/index.html,shradh-and-pitu-paksha/shraddha-feeding-charity/index.html,no,merged,/Users/prashantdhingra/e/a3_output/sankranti.net/output/content/shradh-and-pitu-paksha/shraddha-feeding-charity/footer.fragment
shradh-and-pitu-paksha/shraddha-symbolism-water-sesame-kusha-pinda/index.html,shradh-and-pitu-paksha/shraddha-symbolism-water-sesame-kusha-pinda/index.html,no,merged,/Users/prashantdhingra/e/a3_output/sankranti.net/output/content/shradh-and-pitu-paksha/shraddha-symbolism-water-sesame-kusha-pinda/footer.fragment
shradh-and-pitu-paksha/memory-maker/index.html,shradh-and-pitu-paksha/memory-maker/index.html,no,merged,/Users/prashantdhingra/e/a3_output/sankranti.net/output/content/shradh-and-pitu-paksha/memory-maker/footer.fragment
shradh-and-pitu-paksha/shraddha-pitru-paksha-meaning/index.html,shradh-and-pitu-paksha/shraddha-pitru-paksha-meaning/index.html,no,merged,/Users/prashantdhingra/e/a3_output/sankranti.net/output/content/shradh-and-pitu-paksha/shraddha-pitru-paksha-meaning/footer.fragment
shradh-and-pitu-paksha/gaya-pind-daan-pilgrimage/index.html,shradh-and-pitu-paksha/gaya-pind-daan-pilgrimage/index.html,no,merged,/Users/prashantdhingra/e/a3_output/sankranti.net/output/content/shradh-and-pitu-paksha/gaya-pind-daan-pilgrimage/footer.fragment
shradh-and-pitu-paksha/shraddha-pilgrimage-planning/index.html,shradh-and-pitu-paksha/shraddha-pilgrimage-planning/index.html,no,merged,/Users/prashantdhingra/e/a3_output/sankranti.net/output/content/shradh-and-pitu-paksha/shraddha-pilgrimage-planning/footer.fragment
shradh-and-pitu-paksha/pitru-paksha-2026-dates/index.html,shradh-and-pitu-paksha/pitru-paksha-2026-dates/index.html,no,merged,/Users/prashantdhingra/e/a3_output/sankranti.net/output/content/shradh-and-pitu-paksha/pitru-paksha-2026-dates/footer.fragment
shradh-and-pitu-paksha/tarpan-pind-daan-guide/index.html,shradh-and-pitu-paksha/tarpan-pind-daan-guide/index.html,no,merged,/Users/prashantdhingra/e/a3_output/sankranti.net/output/content/shradh-and-pitu-paksha/tarpan-pind-daan-guide/footer.fragment
shradh-and-pitu-paksha/shraddha-food-offerings-meals-recipes/index.html,shradh-and-pitu-paksha/shraddha-food-offerings-meals-recipes/index.html,no,merged,/Users/prashantdhingra/e/a3_output/sankranti.net/output/content/shradh-and-pitu-paksha/shraddha-food-offerings-meals-recipes/footer.fragment
shradh-and-pitu-paksha/shraddha-tithi-amavasya-guide/index.html,shradh-and-pitu-paksha/shraddha-tithi-amavasya-guide/index.html,no,merged,/Users/prashantdhingra/e/a3_output/sankranti.net/output/content/shradh-and-pitu-paksha/shraddha-tithi-amavasya-guide/footer.fragment
shradh-and-pitu-paksha/shraddha-diaspora-modern-practical-guide/index.html,shradh-and-pitu-paksha/shraddha-diaspora-modern-practical-guide/index.html,no,merged,/Users/prashantdhingra/e/a3_output/sankranti.net/output/content/shradh-and-pitu-paksha/shraddha-diaspora-modern-practical-guide/footer.fragment
shradh-and-pitu-paksha/pitru-paksha-2027-dates/index.html,shradh-and-pitu-paksha/pitru-paksha-2027-dates/index.html,no,merged,/Users/prashantdhingra/e/a3_output/sankranti.net/output/content/shradh-and-pitu-paksha/pitru-paksha-2027-dates/footer.fragment
shradh-and-pitu-paksha/haridwar-varanasi-prayagraj-shraddha/index.html,shradh-and-pitu-paksha/haridwar-varanasi-prayagraj-shraddha/index.html,no,merged,/Users/prashantdhingra/e/a3_output/sankranti.net/output/content/shradh-and-pitu-paksha/haridwar-varanasi-prayagraj-shraddha/footer.fragment
shradh-and-pitu-paksha/ancestor-remembrance-family-history-stories/index.html,shradh-and-pitu-paksha/ancestor-remembrance-family-history-stories/index.html,no,merged,/Users/prashantdhingra/e/a3_output/sankranti.net/output/content/shradh-and-pitu-paksha/ancestor-remembrance-family-history-stories/footer.fragment
shradh-and-pitu-paksha/shraddha-scriptures-stories-philosophy/index.html,shradh-and-pitu-paksha/shraddha-scriptures-stories-philosophy/index.html,no,merged,/Users/prashantdhingra/e/a3_output/sankranti.net/output/content/shradh-and-pitu-paksha/shraddha-scriptures-stories-philosophy/footer.fragment
2026/2026-shradhh-dates.html,2026/2026-shradhh-dates.html,yes,merged,/Users/prashantdhingra/e/a3_output/sankranti.net/output/content/2026/footer.fragment
2026/2026-hindu-calendar.html,2026/index.html,yes,merged,/Users/prashantdhingra/e/a3_output/sankranti.net/output/content/2026/footer.fragment
Hindu-festivals/hindu-festivals-calendar-2026.html,Hindu-festivals/index.html,yes,merged,/Users/prashantdhingra/e/a3_output/sankranti.net/output/content/Hindu-festivals/footer.fragment
Hindu-festivals/ganesh-chaturthi/zero-waste-mandap-decoration-ideas.html,Hindu-festivals/ganesh-chaturthi/zero-waste-mandap-decoration-ideas.html,no,merged,/Users/prashantdhingra/e/a3_output/sankranti.net/output/content/Hindu-festivals/ganesh-chaturthi/footer.fragment
Hindu-festivals/ganesh-chaturthi/authentic-ukadiche-modak-step-by-step.html,Hindu-festivals/ganesh-chaturthi/authentic-ukadiche-modak-step-by-step.html,no,merged,/Users/prashantdhingra/e/a3_output/sankranti.net/output/content/Hindu-festivals/ganesh-chaturthi/footer.fragment
Hindu-festivals/ganesh-chaturthi/complete-step-by-step-home-puja-vidhi.html,Hindu-festivals/ganesh-chaturthi/complete-step-by-step-home-puja-vidhi.html,no,merged,/Users/prashantdhingra/e/a3_output/sankranti.net/output/content/Hindu-festivals/ganesh-chaturthi/footer.fragment
Hindu-festivals/ganesh-chaturthi/environmental-impact-pop-idols-green-alternatives.html,Hindu-festivals/ganesh-chaturthi/environmental-impact-pop-idols-green-alternatives.html,no,merged,/Users/prashantdhingra/e/a3_output/sankranti.net/output/content/Hindu-festivals/ganesh-chaturthi/footer.fragment
Hindu-festivals/ganesh-chaturthi/seed-ganesha-growing-life-after-visarjan.html,Hindu-festivals/ganesh-chaturthi/seed-ganesha-growing-life-after-visarjan.html,no,merged,/Users/prashantdhingra/e/a3_output/sankranti.net/output/content/Hindu-festivals/ganesh-chaturthi/footer.fragment
Hindu-festivals/ganesh-chaturthi/index.html,Hindu-festivals/ganesh-chaturthi/index.html,no,merged,/Users/prashantdhingra/e/a3_output/sankranti.net/output/content/Hindu-festivals/ganesh-chaturthi/footer.fragment
Hindu-festivals/ganesh-chaturthi/regional-flavors-ganesh-chaturthi-across-india.html,Hindu-festivals/ganesh-chaturthi/regional-flavors-ganesh-chaturthi-across-india.html,no,merged,/Users/prashantdhingra/e/a3_output/sankranti.net/output/content/Hindu-festivals/ganesh-chaturthi/footer.fragment
Hindu-festivals/ganesh-chaturthi/philosophical-meaning-behind-visarjan.html,Hindu-festivals/ganesh-chaturthi/philosophical-meaning-behind-visarjan.html,no,merged,/Users/prashantdhingra/e/a3_output/sankranti.net/output/content/Hindu-festivals/ganesh-chaturthi/footer.fragment
Hindu-festivals/ganesh-chaturthi/creative-mandap-decor-small-apartments.html,Hindu-festivals/ganesh-chaturthi/creative-mandap-decor-small-apartments.html,no,merged,/Users/prashantdhingra/e/a3_output/sankranti.net/output/content/Hindu-festivals/ganesh-chaturthi/footer.fragment
Hindu-festivals/ganesh-chaturthi/why-modak-is-ganeshas-favorite-sweet.html,Hindu-festivals/ganesh-chaturthi/why-modak-is-ganeshas-favorite-sweet.html,no,merged,/Users/prashantdhingra/e/a3_output/sankranti.net/output/content/Hindu-festivals/ganesh-chaturthi/footer.fragment
Hindu-festivals/ganesh-chaturthi/10-days-10-offerings-daily-naivedya-menu-plan.html,Hindu-festivals/ganesh-chaturthi/10-days-10-offerings-daily-naivedya-menu-plan.html,no,merged,/Users/prashantdhingra/e/a3_output/sankranti.net/output/content/Hindu-festivals/ganesh-chaturthi/footer.fragment
Hindu-festivals/ganesh-chaturthi/diy-clay-ganesha-at-home.html,Hindu-festivals/ganesh-chaturthi/diy-clay-ganesha-at-home.html,no,merged,/Users/prashantdhingra/e/a3_output/sankranti.net/output/content/Hindu-festivals/ganesh-chaturthi/footer.fragment
Hindu-festivals/ganesh-chaturthi/vibrant-rangoli-patterns-welcome-bappa.html,Hindu-festivals/ganesh-chaturthi/vibrant-rangoli-patterns-welcome-bappa.html,no,merged,/Users/prashantdhingra/e/a3_output/sankranti.net/output/content/Hindu-festivals/ganesh-chaturthi/footer.fragment
Hindu-festivals/ganesh-chaturthi/hidden-symbolism-behind-ganeshas-form.html,Hindu-festivals/ganesh-chaturthi/hidden-symbolism-behind-ganeshas-form.html,no,merged,/Users/prashantdhingra/e/a3_output/sankranti.net/output/content/Hindu-festivals/ganesh-chaturthi/footer.fragment
Hindu-festivals/ganesh-chaturthi/how-to-organize-community-pandal.html,Hindu-festivals/ganesh-chaturthi/how-to-organize-community-pandal.html,no,merged,/Users/prashantdhingra/e/a3_output/sankranti.net/output/content/Hindu-festivals/ganesh-chaturthi/footer.fragment
Hindu-festivals/ganesh-chaturthi/iconic-mumbai-ganesh-pandals-to-visit.html,Hindu-festivals/ganesh-chaturthi/iconic-mumbai-ganesh-pandals-to-visit.html,no,merged,/Users/prashantdhingra/e/a3_output/sankranti.net/output/content/Hindu-festivals/ganesh-chaturthi/footer.fragment
Hindu-festivals/ganesh-chaturthi/legend-of-the-moons-curse-mithya-dosha.html,Hindu-festivals/ganesh-chaturthi/legend-of-the-moons-curse-mithya-dosha.html,no,merged,/Users/prashantdhingra/e/a3_output/sankranti.net/output/content/Hindu-festivals/ganesh-chaturthi/footer.fragment
Hindu-festivals/ganesh-chaturthi/healthy-sugar-free-festive-sweets.html,Hindu-festivals/ganesh-chaturthi/healthy-sugar-free-festive-sweets.html,no,merged,/Users/prashantdhingra/e/a3_output/sankranti.net/output/content/Hindu-festivals/ganesh-chaturthi/footer.fragment
Hindu-festivals/ganesh-chaturthi/origin-of-ganesh-chaturthi-mythology-national-movement.html,Hindu-festivals/ganesh-chaturthi/origin-of-ganesh-chaturthi-mythology-national-movement.html,no,merged,/Users/prashantdhingra/e/a3_output/sankranti.net/output/content/Hindu-festivals/ganesh-chaturthi/footer.fragment
Hindu-festivals/ganesh-chaturthi/ganesh-chaturthi-global-diaspora.html,Hindu-festivals/ganesh-chaturthi/ganesh-chaturthi-global-diaspora.html,no,merged,/Users/prashantdhingra/e/a3_output/sankranti.net/output/content/Hindu-festivals/ganesh-chaturthi/footer.fragment
Hindu-festivals/ganesh-chaturthi/essential-ganesha-mantras-meanings.html,Hindu-festivals/ganesh-chaturthi/essential-ganesha-mantras-meanings.html,no,merged,/Users/prashantdhingra/e/a3_output/sankranti.net/output/content/Hindu-festivals/ganesh-chaturthi/footer.fragment
Hindu-festivals/chhath-puja/how-to-celebrate-chhath-puja-at-home.html,Hindu-festivals/chhath-puja/how-to-celebrate-chhath-puja-at-home.html,no,merged,/Users/prashantdhingra/e/a3_output/sankranti.net/output/content/Hindu-festivals/chhath-puja/footer.fragment
Hindu-festivals/chhath-puja/chhath-puja-wishes-hindi.html,Hindu-festivals/chhath-puja/chhath-puja-wishes-hindi.html,no,merged,/Users/prashantdhingra/e/a3_output/sankranti.net/output/content/Hindu-festivals/chhath-puja/footer.fragment
Hindu-festivals/chhath-puja/chhath-puja-four-days-rituals.html,Hindu-festivals/chhath-puja/chhath-puja-four-days-rituals.html,no,merged,/Users/prashantdhingra/e/a3_output/sankranti.net/output/content/Hindu-festivals/chhath-puja/footer.fragment
Hindu-festivals/chhath-puja/chhath-puja-outside-india-diaspora.html,Hindu-festivals/chhath-puja/chhath-puja-outside-india-diaspora.html,no,merged,/Users/prashantdhingra/e/a3_output/sankranti.net/output/content/Hindu-festivals/chhath-puja/footer.fragment
Hindu-festivals/chhath-puja/chhath-puja-in-uttar-pradesh.html,Hindu-festivals/chhath-puja/chhath-puja-in-uttar-pradesh.html,no,merged,/Users/prashantdhingra/e/a3_output/sankranti.net/output/content/Hindu-festivals/chhath-puja/footer.fragment
Hindu-festivals/chhath-puja/chhath-puja-diya-traditions.html,Hindu-festivals/chhath-puja/chhath-puja-diya-traditions.html,no,merged,/Users/prashantdhingra/e/a3_output/sankranti.net/output/content/Hindu-festivals/chhath-puja/footer.fragment
Hindu-festivals/chhath-puja/story-of-chhathi-maiya.html,Hindu-festivals/chhath-puja/story-of-chhathi-maiya.html,no,merged,/Users/prashantdhingra/e/a3_output/sankranti.net/output/content/Hindu-festivals/chhath-puja/footer.fragment
Hindu-festivals/chhath-puja/traditional-chhath-puja-prasad.html,Hindu-festivals/chhath-puja/traditional-chhath-puja-prasad.html,no,merged,/Users/prashantdhingra/e/a3_output/sankranti.net/output/content/Hindu-festivals/chhath-puja/footer.fragment
Hindu-festivals/chhath-puja/chhath-puja-faqs.html,Hindu-festivals/chhath-puja/chhath-puja-faqs.html,no,merged,/Users/prashantdhingra/e/a3_output/sankranti.net/output/content/Hindu-festivals/chhath-puja/footer.fragment
Hindu-festivals/chhath-puja/how-to-create-temporary-chhath-ghat.html,Hindu-festivals/chhath-puja/how-to-create-temporary-chhath-ghat.html,no,merged,/Users/prashantdhingra/e/a3_output/sankranti.net/output/content/Hindu-festivals/chhath-puja/footer.fragment
Hindu-festivals/chhath-puja/chhath-puja-in-mumbai.html,Hindu-festivals/chhath-puja/chhath-puja-in-mumbai.html,no,merged,/Users/prashantdhingra/e/a3_output/sankranti.net/output/content/Hindu-festivals/chhath-puja/footer.fragment
Hindu-festivals/chhath-puja/chhath-puja-home-preparation-guide.html,Hindu-festivals/chhath-puja/chhath-puja-home-preparation-guide.html,no,merged,/Users/prashantdhingra/e/a3_output/sankranti.net/output/content/Hindu-festivals/chhath-puja/footer.fragment
Hindu-festivals/chhath-puja/first-time-chhath-vrat.html,Hindu-festivals/chhath-puja/first-time-chhath-vrat.html,no,merged,/Users/prashantdhingra/e/a3_output/sankranti.net/output/content/Hindu-festivals/chhath-puja/footer.fragment
Hindu-festivals/chhath-puja/eco-friendly-chhath-puja.html,Hindu-festivals/chhath-puja/eco-friendly-chhath-puja.html,no,merged,/Users/prashantdhingra/e/a3_output/sankranti.net/output/content/Hindu-festivals/chhath-puja/footer.fragment
Hindu-festivals/chhath-puja/chhath-puja-paran-rules.html,Hindu-festivals/chhath-puja/chhath-puja-paran-rules.html,no,merged,/Users/prashantdhingra/e/a3_output/sankranti.net/output/content/Hindu-festivals/chhath-puja/footer.fragment
Hindu-festivals/chhath-puja/chhath-puja-in-ranchi.html,Hindu-festivals/chhath-puja/chhath-puja-in-ranchi.html,no,merged,/Users/prashantdhingra/e/a3_output/sankranti.net/output/content/Hindu-festivals/chhath-puja/footer.fragment
Hindu-festivals/chhath-puja/chhath-puja-in-gurgaon.html,Hindu-festivals/chhath-puja/chhath-puja-in-gurgaon.html,no,merged,/Users/prashantdhingra/e/a3_output/sankranti.net/output/content/Hindu-festivals/chhath-puja/footer.fragment
Hindu-festivals/chhath-puja/chhath-puja-home-decoration.html,Hindu-festivals/chhath-puja/chhath-puja-home-decoration.html,no,merged,/Users/prashantdhingra/e/a3_output/sankranti.net/output/content/Hindu-festivals/chhath-puja/footer.fragment
Hindu-festivals/chhath-puja/chhath-puja-participation-home-abroad.html,Hindu-festivals/chhath-puja/chhath-puja-participation-home-abroad.html,no,merged,/Users/prashantdhingra/e/a3_output/sankranti.net/output/content/Hindu-festivals/chhath-puja/footer.fragment
Hindu-festivals/chhath-puja/index.html,Hindu-festivals/chhath-puja/index.html,no,merged,/Users/prashantdhingra/e/a3_output/sankranti.net/output/content/Hindu-festivals/chhath-puja/footer.fragment
Hindu-festivals/chhath-puja/chhath-puja-whatsapp-status-captions.html,Hindu-festivals/chhath-puja/chhath-puja-whatsapp-status-captions.html,no,merged,/Users/prashantdhingra/e/a3_output/sankranti.net/output/content/Hindu-festivals/chhath-puja/footer.fragment
Hindu-festivals/chhath-puja/meaning-of-arghya-chhath-puja.html,Hindu-festivals/chhath-puja/meaning-of-arghya-chhath-puja.html,no,merged,/Users/prashantdhingra/e/a3_output/sankranti.net/output/content/Hindu-festivals/chhath-puja/footer.fragment
Hindu-festivals/chhath-puja/chhath-puja-vs-makar-sankranti.html,Hindu-festivals/chhath-puja/chhath-puja-vs-makar-sankranti.html,no,merged,/Users/prashantdhingra/e/a3_output/sankranti.net/output/content/Hindu-festivals/chhath-puja/footer.fragment
Hindu-festivals/chhath-puja/chhath-puja-delhi-ncr-neighborhoods.html,Hindu-festivals/chhath-puja/chhath-puja-delhi-ncr-neighborhoods.html,no,merged,/Users/prashantdhingra/e/a3_output/sankranti.net/output/content/Hindu-festivals/chhath-puja/footer.fragment
Hindu-festivals/chhath-puja/chhath-puja-during-pregnancy.html,Hindu-festivals/chhath-puja/chhath-puja-during-pregnancy.html,no,merged,/Users/prashantdhingra/e/a3_output/sankranti.net/output/content/Hindu-festivals/chhath-puja/footer.fragment
Hindu-festivals/chhath-puja/why-rising-sun-worshipped-chhath-puja.html,Hindu-festivals/chhath-puja/why-rising-sun-worshipped-chhath-puja.html,no,merged,/Users/prashantdhingra/e/a3_output/sankranti.net/output/content/Hindu-festivals/chhath-puja/footer.fragment
Hindu-festivals/chhath-puja/chhath-puja-in-kolkata.html,Hindu-festivals/chhath-puja/chhath-puja-in-kolkata.html,no,merged,/Users/prashantdhingra/e/a3_output/sankranti.net/output/content/Hindu-festivals/chhath-puja/footer.fragment
Hindu-festivals/chhath-puja/chhath-puja-in-patna.html,Hindu-festivals/chhath-puja/chhath-puja-in-patna.html,no,merged,/Users/prashantdhingra/e/a3_output/sankranti.net/output/content/Hindu-festivals/chhath-puja/footer.fragment
Hindu-festivals/chhath-puja/role-of-women-chhath-puja.html,Hindu-festivals/chhath-puja/role-of-women-chhath-puja.html,no,merged,/Users/prashantdhingra/e/a3_output/sankranti.net/output/content/Hindu-festivals/chhath-puja/footer.fragment
Hindu-festivals/chhath-puja/chhath-puja-nepal-terai-traditions.html,Hindu-festivals/chhath-puja/chhath-puja-nepal-terai-traditions.html,no,merged,/Users/prashantdhingra/e/a3_output/sankranti.net/output/content/Hindu-festivals/chhath-puja/footer.fragment
Hindu-festivals/chhath-puja/significance-daura-soop-chhath.html,Hindu-festivals/chhath-puja/significance-daura-soop-chhath.html,no,merged,/Users/prashantdhingra/e/a3_output/sankranti.net/output/content/Hindu-festivals/chhath-puja/footer.fragment
Hindu-festivals/chhath-puja/chhath-puja-regions-diaspora-environment.html,Hindu-festivals/chhath-puja/chhath-puja-regions-diaspora-environment.html,no,merged,/Users/prashantdhingra/e/a3_output/sankranti.net/output/content/Hindu-festivals/chhath-puja/footer.fragment
Hindu-festivals/chhath-puja/chhath-puja-in-lucknow.html,Hindu-festivals/chhath-puja/chhath-puja-in-lucknow.html,no,merged,/Users/prashantdhingra/e/a3_output/sankranti.net/output/content/Hindu-festivals/chhath-puja/footer.fragment
Hindu-festivals/chhath-puja/significance-arwa-chawal-chhath.html,Hindu-festivals/chhath-puja/significance-arwa-chawal-chhath.html,no,merged,/Users/prashantdhingra/e/a3_output/sankranti.net/output/content/Hindu-festivals/chhath-puja/footer.fragment
Hindu-festivals/chhath-puja/elderly-devotees-chhath-vrat.html,Hindu-festivals/chhath-puja/elderly-devotees-chhath-vrat.html,no,merged,/Users/prashantdhingra/e/a3_output/sankranti.net/output/content/Hindu-festivals/chhath-puja/footer.fragment
Hindu-festivals/chhath-puja/why-bananas-offered-chhath-puja.html,Hindu-festivals/chhath-puja/why-bananas-offered-chhath-puja.html,no,merged,/Users/prashantdhingra/e/a3_output/sankranti.net/output/content/Hindu-festivals/chhath-puja/footer.fragment
Hindu-festivals/chhath-puja/can-chhath-puja-be-observed-without-river.html,Hindu-festivals/chhath-puja/can-chhath-puja-be-observed-without-river.html,no,merged,/Users/prashantdhingra/e/a3_output/sankranti.net/output/content/Hindu-festivals/chhath-puja/footer.fragment
Hindu-festivals/chhath-puja/scientific-reasons-behind-chhath.html,Hindu-festivals/chhath-puja/scientific-reasons-behind-chhath.html,no,merged,/Users/prashantdhingra/e/a3_output/sankranti.net/output/content/Hindu-festivals/chhath-puja/footer.fragment
Hindu-festivals/chhath-puja/chhath-puja-samagri-list.html,Hindu-festivals/chhath-puja/chhath-puja-samagri-list.html,no,merged,/Users/prashantdhingra/e/a3_output/sankranti.net/output/content/Hindu-festivals/chhath-puja/footer.fragment
Hindu-festivals/chhath-puja/chhath-puja-planning-wishes.html,Hindu-festivals/chhath-puja/chhath-puja-planning-wishes.html,no,merged,/Users/prashantdhingra/e/a3_output/sankranti.net/output/content/Hindu-festivals/chhath-puja/footer.fragment
Hindu-festivals/chhath-puja/chhath-puja-in-delhi-ncr.html,Hindu-festivals/chhath-puja/chhath-puja-in-delhi-ncr.html,no,merged,/Users/prashantdhingra/e/a3_output/sankranti.net/output/content/Hindu-festivals/chhath-puja/footer.fragment
Hindu-festivals/chhath-puja/why-garlic-onion-banned-chhath.html,Hindu-festivals/chhath-puja/why-garlic-onion-banned-chhath.html,no,merged,/Users/prashantdhingra/e/a3_output/sankranti.net/output/content/Hindu-festivals/chhath-puja/footer.fragment
Hindu-festivals/chhath-puja/how-to-support-vrati-during-fast.html,Hindu-festivals/chhath-puja/how-to-support-vrati-during-fast.html,no,merged,/Users/prashantdhingra/e/a3_output/sankranti.net/output/content/Hindu-festivals/chhath-puja/footer.fragment
Hindu-festivals/chhath-puja/chhath-puja-nature-baskets-sun-festivals.html,Hindu-festivals/chhath-puja/chhath-puja-nature-baskets-sun-festivals.html,no,merged,/Users/prashantdhingra/e/a3_output/sankranti.net/output/content/Hindu-festivals/chhath-puja/footer.fragment
Hindu-festivals/chhath-puja/environmental-impact-chhath-puja.html,Hindu-festivals/chhath-puja/environmental-impact-chhath-puja.html,no,merged,/Users/prashantdhingra/e/a3_output/sankranti.net/output/content/Hindu-festivals/chhath-puja/footer.fragment
Hindu-festivals/chhath-puja/chhath-puja-basket-decoration.html,Hindu-festivals/chhath-puja/chhath-puja-basket-decoration.html,no,merged,/Users/prashantdhingra/e/a3_output/sankranti.net/output/content/Hindu-festivals/chhath-puja/footer.fragment
Hindu-festivals/chhath-puja/chhath-puja-songs-geet.html,Hindu-festivals/chhath-puja/chhath-puja-songs-geet.html,no,merged,/Users/prashantdhingra/e/a3_output/sankranti.net/output/content/Hindu-festivals/chhath-puja/footer.fragment
Hindu-festivals/chhath-puja/common-mistakes-during-chhath.html,Hindu-festivals/chhath-puja/common-mistakes-during-chhath.html,no,merged,/Users/prashantdhingra/e/a3_output/sankranti.net/output/content/Hindu-festivals/chhath-puja/footer.fragment
Hindu-festivals/chhath-puja/history-origin-significance.html,Hindu-festivals/chhath-puja/history-origin-significance.html,no,merged,/Users/prashantdhingra/e/a3_output/sankranti.net/output/content/Hindu-festivals/chhath-puja/footer.fragment
Hindu-festivals/chhath-puja/chhath-puja-in-delhi.html,Hindu-festivals/chhath-puja/chhath-puja-in-delhi.html,no,merged,/Users/prashantdhingra/e/a3_output/sankranti.net/output/content/Hindu-festivals/chhath-puja/footer.fragment
Hindu-festivals/chhath-puja/nahay-khay-rituals.html,Hindu-festivals/chhath-puja/nahay-khay-rituals.html,no,merged,/Users/prashantdhingra/e/a3_output/sankranti.net/output/content/Hindu-festivals/chhath-puja/footer.fragment
Hindu-festivals/chhath-puja/chhath-puja-for-children.html,Hindu-festivals/chhath-puja/chhath-puja-for-children.html,no,merged,/Users/prashantdhingra/e/a3_output/sankranti.net/output/content/Hindu-festivals/chhath-puja/footer.fragment
Hindu-festivals/chhath-puja/usha-arghya-morning-offering.html,Hindu-festivals/chhath-puja/usha-arghya-morning-offering.html,no,merged,/Users/prashantdhingra/e/a3_output/sankranti.net/output/content/Hindu-festivals/chhath-puja/footer.fragment
Hindu-festivals/chhath-puja/why-seasonal-fruits-important-chhath.html,Hindu-festivals/chhath-puja/why-seasonal-fruits-important-chhath.html,no,merged,/Users/prashantdhingra/e/a3_output/sankranti.net/output/content/Hindu-festivals/chhath-puja/footer.fragment
Hindu-festivals/chhath-puja/chhath-puja-in-jharkhand.html,Hindu-festivals/chhath-puja/chhath-puja-in-jharkhand.html,no,merged,/Users/prashantdhingra/e/a3_output/sankranti.net/output/content/Hindu-festivals/chhath-puja/footer.fragment
Hindu-festivals/chhath-puja/astrological-significance-chhath-puja.html,Hindu-festivals/chhath-puja/astrological-significance-chhath-puja.html,no,merged,/Users/prashantdhingra/e/a3_output/sankranti.net/output/content/Hindu-festivals/chhath-puja/footer.fragment
Hindu-festivals/chhath-puja/four-days-of-chhath-puja.html,Hindu-festivals/chhath-puja/four-days-of-chhath-puja.html,no,merged,/Users/prashantdhingra/e/a3_output/sankranti.net/output/content/Hindu-festivals/chhath-puja/footer.fragment
Hindu-festivals/chhath-puja/why-cleanliness-important-chhath.html,Hindu-festivals/chhath-puja/why-cleanliness-important-chhath.html,no,merged,/Users/prashantdhingra/e/a3_output/sankranti.net/output/content/Hindu-festivals/chhath-puja/footer.fragment
Hindu-festivals/chhath-puja/why-chhath-puja-difficult-vrat.html,Hindu-festivals/chhath-puja/why-chhath-puja-difficult-vrat.html,no,merged,/Users/prashantdhingra/e/a3_output/sankranti.net/output/content/Hindu-festivals/chhath-puja/footer.fragment
Hindu-festivals/chhath-puja/significance-sugarcane-coconut-fruits.html,Hindu-festivals/chhath-puja/significance-sugarcane-coconut-fruits.html,no,merged,/Users/prashantdhingra/e/a3_output/sankranti.net/output/content/Hindu-festivals/chhath-puja/footer.fragment
Hindu-festivals/chhath-puja/chhath-puja-home-ghat-planning.html,Hindu-festivals/chhath-puja/chhath-puja-home-ghat-planning.html,no,merged,/Users/prashantdhingra/e/a3_output/sankranti.net/output/content/Hindu-festivals/chhath-puja/footer.fragment
Hindu-festivals/chhath-puja/chhath-puja-wave4.html,Hindu-festivals/chhath-puja/rituals-meanings-questions.html,yes,merged,/Users/prashantdhingra/e/a3_output/sankranti.net/output/content/Hindu-festivals/chhath-puja/footer.fragment
Hindu-festivals/chhath-puja/chhath-puja-mauritius-fiji-caribbean.html,Hindu-festivals/chhath-puja/chhath-puja-mauritius-fiji-caribbean.html,no,merged,/Users/prashantdhingra/e/a3_output/sankranti.net/output/content/Hindu-festivals/chhath-puja/footer.fragment
Hindu-festivals/chhath-puja/why-sugarcane-used-chhath-puja.html,Hindu-festivals/chhath-puja/why-sugarcane-used-chhath-puja.html,no,merged,/Users/prashantdhingra/e/a3_output/sankranti.net/output/content/Hindu-festivals/chhath-puja/footer.fragment
Hindu-festivals/chhath-puja/chhath-puja-samagri-prasad-guide.html,Hindu-festivals/chhath-puja/chhath-puja-samagri-prasad-guide.html,no,merged,/Users/prashantdhingra/e/a3_output/sankranti.net/output/content/Hindu-festivals/chhath-puja/footer.fragment
Hindu-festivals/chhath-puja/why-coconut-offered-chhath-puja.html,Hindu-festivals/chhath-puja/why-coconut-offered-chhath-puja.html,no,merged,/Users/prashantdhingra/e/a3_output/sankranti.net/output/content/Hindu-festivals/chhath-puja/footer.fragment
Hindu-festivals/chhath-puja/koshi-bharana-tradition-chhath.html,Hindu-festivals/chhath-puja/koshi-bharana-tradition-chhath.html,no,merged,/Users/prashantdhingra/e/a3_output/sankranti.net/output/content/Hindu-festivals/chhath-puja/footer.fragment
Hindu-festivals/chhath-puja/chhath-puja-images-wallpapers.html,Hindu-festivals/chhath-puja/chhath-puja-images-wallpapers.html,no,merged,/Users/prashantdhingra/e/a3_output/sankranti.net/output/content/Hindu-festivals/chhath-puja/footer.fragment
Hindu-festivals/chhath-puja/chhath-puja-history-culture.html,Hindu-festivals/chhath-puja/chhath-puja-history-culture.html,no,merged,/Users/prashantdhingra/e/a3_output/sankranti.net/output/content/Hindu-festivals/chhath-puja/footer.fragment
Hindu-festivals/chhath-puja/chhath-puja-women-artisans-heritage.html,Hindu-festivals/chhath-puja/chhath-puja-women-artisans-heritage.html,no,merged,/Users/prashantdhingra/e/a3_output/sankranti.net/output/content/Hindu-festivals/chhath-puja/footer.fragment
Hindu-festivals/chhath-puja/chhath-puja-offerings-symbolism.html,Hindu-festivals/chhath-puja/chhath-puja-offerings-symbolism.html,no,merged,/Users/prashantdhingra/e/a3_output/sankranti.net/output/content/Hindu-festivals/chhath-puja/footer.fragment
Hindu-festivals/chhath-puja/chhath-puja-vs-surya-puja.html,Hindu-festivals/chhath-puja/chhath-puja-vs-surya-puja.html,no,merged,/Users/prashantdhingra/e/a3_output/sankranti.net/output/content/Hindu-festivals/chhath-puja/footer.fragment
Hindu-festivals/chhath-puja/chhath-puja-vrat-rules.html,Hindu-festivals/chhath-puja/chhath-puja-vrat-rules.html,no,merged,/Users/prashantdhingra/e/a3_output/sankranti.net/output/content/Hindu-festivals/chhath-puja/footer.fragment
Hindu-festivals/chhath-puja/how-to-make-thekua-recipe.html,Hindu-festivals/chhath-puja/how-to-make-thekua-recipe.html,no,merged,/Users/prashantdhingra/e/a3_output/sankranti.net/output/content/Hindu-festivals/chhath-puja/footer.fragment
Hindu-festivals/chhath-puja/why-chhath-puja-near-rivers.html,Hindu-festivals/chhath-puja/why-chhath-puja-near-rivers.html,no,merged,/Users/prashantdhingra/e/a3_output/sankranti.net/output/content/Hindu-festivals/chhath-puja/footer.fragment
Hindu-festivals/chhath-puja/traditional-fruits-offered-during-chhath.html,Hindu-festivals/chhath-puja/traditional-fruits-offered-during-chhath.html,no,merged,/Users/prashantdhingra/e/a3_output/sankranti.net/output/content/Hindu-festivals/chhath-puja/footer.fragment
Hindu-festivals/chhath-puja/chhath-puja-wave5.html,Hindu-festivals/chhath-puja/faith-community.html,yes,merged,/Users/prashantdhingra/e/a3_output/sankranti.net/output/content/Hindu-festivals/chhath-puja/footer.fragment
Hindu-festivals/chhath-puja/sandhya-arghya-evening-offering.html,Hindu-festivals/chhath-puja/sandhya-arghya-evening-offering.html,no,merged,/Users/prashantdhingra/e/a3_output/sankranti.net/output/content/Hindu-festivals/chhath-puja/footer.fragment
Hindu-festivals/chhath-puja/chhath-puja-vrat-purity-meanings.html,Hindu-festivals/chhath-puja/chhath-puja-vrat-purity-meanings.html,no,merged,/Users/prashantdhingra/e/a3_output/sankranti.net/output/content/Hindu-festivals/chhath-puja/footer.fragment
Hindu-festivals/chhath-puja/chhath-puja-at-home-guide.html,Hindu-festivals/chhath-puja/chhath-puja-at-home-guide.html,no,merged,/Users/prashantdhingra/e/a3_output/sankranti.net/output/content/Hindu-festivals/chhath-puja/footer.fragment
Hindu-festivals/chhath-puja/chhath-puja-metros-usa-guide.html,Hindu-festivals/chhath-puja/chhath-puja-metros-usa-guide.html,no,merged,/Users/prashantdhingra/e/a3_output/sankranti.net/output/content/Hindu-festivals/chhath-puja/footer.fragment
Hindu-festivals/chhath-puja/chhath-puja-regional-celebrations.html,Hindu-festivals/chhath-puja/chhath-puja-regional-celebrations.html,no,merged,/Users/prashantdhingra/e/a3_output/sankranti.net/output/content/Hindu-festivals/chhath-puja/footer.fragment
Hindu-festivals/chhath-puja/why-salt-avoided-chhath-puja.html,Hindu-festivals/chhath-puja/why-salt-avoided-chhath-puja.html,no,merged,/Users/prashantdhingra/e/a3_output/sankranti.net/output/content/Hindu-festivals/chhath-puja/footer.fragment
Hindu-festivals/chhath-puja/chhath-puja-mehndi-designs.html,Hindu-festivals/chhath-puja/chhath-puja-mehndi-designs.html,no,merged,/Users/prashantdhingra/e/a3_output/sankranti.net/output/content/Hindu-festivals/chhath-puja/footer.fragment
Hindu-festivals/chhath-puja/chhath-puja-katha-story.html,Hindu-festivals/chhath-puja/chhath-puja-katha-story.html,no,merged,/Users/prashantdhingra/e/a3_output/sankranti.net/output/content/Hindu-festivals/chhath-puja/footer.fragment
Hindu-festivals/chhath-puja/how-families-prepare-for-chhath.html,Hindu-festivals/chhath-puja/how-families-prepare-for-chhath.html,no,merged,/Users/prashantdhingra/e/a3_output/sankranti.net/output/content/Hindu-festivals/chhath-puja/footer.fragment
Hindu-festivals/chhath-puja/rasiya-kheer-recipe-chhath.html,Hindu-festivals/chhath-puja/rasiya-kheer-recipe-chhath.html,no,merged,/Users/prashantdhingra/e/a3_output/sankranti.net/output/content/Hindu-festivals/chhath-puja/footer.fragment
Hindu-festivals/chhath-puja/why-stand-in-water-chhath-puja.html,Hindu-festivals/chhath-puja/why-stand-in-water-chhath-puja.html,no,merged,/Users/prashantdhingra/e/a3_output/sankranti.net/output/content/Hindu-festivals/chhath-puja/footer.fragment
Hindu-festivals/chhath-puja/kaddu-bhaat-recipe-nahay-khay.html,Hindu-festivals/chhath-puja/kaddu-bhaat-recipe-nahay-khay.html,no,merged,/Users/prashantdhingra/e/a3_output/sankranti.net/output/content/Hindu-festivals/chhath-puja/footer.fragment
Hindu-festivals/chhath-puja/chhath-puja-ghat-decoration.html,Hindu-festivals/chhath-puja/chhath-puja-ghat-decoration.html,no,merged,/Users/prashantdhingra/e/a3_output/sankranti.net/output/content/Hindu-festivals/chhath-puja/footer.fragment
Hindu-festivals/chhath-puja/surya-arghya-mantras-chhath.html,Hindu-festivals/chhath-puja/surya-arghya-mantras-chhath.html,no,merged,/Users/prashantdhingra/e/a3_output/sankranti.net/output/content/Hindu-festivals/chhath-puja/footer.fragment
Hindu-festivals/chhath-puja/health-benefits-chhath-puja-fasting.html,Hindu-festivals/chhath-puja/health-benefits-chhath-puja-fasting.html,no,merged,/Users/prashantdhingra/e/a3_output/sankranti.net/output/content/Hindu-festivals/chhath-puja/footer.fragment
Hindu-festivals/chhath-puja/chhath-puja-vrat-support-health-evidence.html,Hindu-festivals/chhath-puja/chhath-puja-vrat-support-health-evidence.html,no,merged,/Users/prashantdhingra/e/a3_output/sankranti.net/output/content/Hindu-festivals/chhath-puja/footer.fragment
Hindu-festivals/chhath-puja/chhath-puja-rangoli-designs.html,Hindu-festivals/chhath-puja/chhath-puja-rangoli-designs.html,no,merged,/Users/prashantdhingra/e/a3_output/sankranti.net/output/content/Hindu-festivals/chhath-puja/footer.fragment
Hindu-festivals/chhath-puja/chhath-puja-wave2.html,Hindu-festivals/chhath-puja/cities-homes-greetings.html,yes,merged,/Users/prashantdhingra/e/a3_output/sankranti.net/output/content/Hindu-festivals/chhath-puja/footer.fragment
Hindu-festivals/chhath-puja/role-artisans-daura-soop-chhath.html,Hindu-festivals/chhath-puja/role-artisans-daura-soop-chhath.html,no,merged,/Users/prashantdhingra/e/a3_output/sankranti.net/output/content/Hindu-festivals/chhath-puja/footer.fragment
Hindu-festivals/chhath-puja/regional-differences-chhath-bihar-up.html,Hindu-festivals/chhath-puja/regional-differences-chhath-bihar-up.html,no,merged,/Users/prashantdhingra/e/a3_output/sankranti.net/output/content/Hindu-festivals/chhath-puja/footer.fragment
Hindu-festivals/chhath-puja/chhath-puja-2026-dates-calendar.html,Hindu-festivals/chhath-puja/chhath-puja-2026-dates-calendar.html,no,merged,/Users/prashantdhingra/e/a3_output/sankranti.net/output/content/Hindu-festivals/chhath-puja/footer.fragment
Hindu-festivals/chhath-puja/importance-turmeric-ginger-chhath-soop.html,Hindu-festivals/chhath-puja/importance-turmeric-ginger-chhath-soop.html,no,merged,/Users/prashantdhingra/e/a3_output/sankranti.net/output/content/Hindu-festivals/chhath-puja/footer.fragment
Hindu-festivals/chhath-puja/what-to-wear-chhath-puja.html,Hindu-festivals/chhath-puja/what-to-wear-chhath-puja.html,no,merged,/Users/prashantdhingra/e/a3_output/sankranti.net/output/content/Hindu-festivals/chhath-puja/footer.fragment
Hindu-festivals/chhath-puja/chhath-puja-wishes-messages.html,Hindu-festivals/chhath-puja/chhath-puja-wishes-messages.html,no,merged,/Users/prashantdhingra/e/a3_output/sankranti.net/output/content/Hindu-festivals/chhath-puja/footer.fragment
Hindu-festivals/chhath-puja/chhath-puja-in-noida-greater-noida.html,Hindu-festivals/chhath-puja/chhath-puja-in-noida-greater-noida.html,no,merged,/Users/prashantdhingra/e/a3_output/sankranti.net/output/content/Hindu-festivals/chhath-puja/footer.fragment
Hindu-festivals/chhath-puja/chhath-puja-in-bihar.html,Hindu-festivals/chhath-puja/chhath-puja-in-bihar.html,no,merged,/Users/prashantdhingra/e/a3_output/sankranti.net/output/content/Hindu-festivals/chhath-puja/footer.fragment
Hindu-festivals/chhath-puja/chhath-puja-in-varanasi.html,Hindu-festivals/chhath-puja/chhath-puja-in-varanasi.html,no,merged,/Users/prashantdhingra/e/a3_output/sankranti.net/output/content/Hindu-festivals/chhath-puja/footer.fragment
Hindu-festivals/chhath-puja/chhath-puja-rice-kaddu-bhaat-ingredients.html,Hindu-festivals/chhath-puja/chhath-puja-rice-kaddu-bhaat-ingredients.html,no,merged,/Users/prashantdhingra/e/a3_output/sankranti.net/output/content/Hindu-festivals/chhath-puja/footer.fragment
Hindu-festivals/chhath-puja/history-evolution-chhath-puja.html,Hindu-festivals/chhath-puja/history-evolution-chhath-puja.html,no,merged,/Users/prashantdhingra/e/a3_output/sankranti.net/output/content/Hindu-festivals/chhath-puja/footer.fragment
Hindu-festivals/chhath-puja/chhath-puja-rules-outside-bihar.html,Hindu-festivals/chhath-puja/chhath-puja-rules-outside-bihar.html,no,merged,/Users/prashantdhingra/e/a3_output/sankranti.net/output/content/Hindu-festivals/chhath-puja/footer.fragment
Hindu-festivals/chhath-puja/chhath-puja-offerings-decoration-guide.html,Hindu-festivals/chhath-puja/chhath-puja-offerings-decoration-guide.html,no,merged,/Users/prashantdhingra/e/a3_output/sankranti.net/output/content/Hindu-festivals/chhath-puja/footer.fragment
Hindu-festivals/chhath-puja/chhath-puja-family-style-guide.html,Hindu-festivals/chhath-puja/chhath-puja-family-style-guide.html,no,merged,/Users/prashantdhingra/e/a3_output/sankranti.net/output/content/Hindu-festivals/chhath-puja/footer.fragment
Hindu-festivals/chhath-puja/chhath-puja-for-beginners.html,Hindu-festivals/chhath-puja/chhath-puja-for-beginners.html,no,merged,/Users/prashantdhingra/e/a3_output/sankranti.net/output/content/Hindu-festivals/chhath-puja/footer.fragment
Hindu-festivals/chhath-puja/why-setting-sun-worshipped-chhath-puja.html,Hindu-festivals/chhath-puja/why-setting-sun-worshipped-chhath-puja.html,no,merged,/Users/prashantdhingra/e/a3_output/sankranti.net/output/content/Hindu-festivals/chhath-puja/footer.fragment
Hindu-festivals/chhath-puja/chhath-puja-greetings-gallery.html,Hindu-festivals/chhath-puja/chhath-puja-greetings-gallery.html,no,merged,/Users/prashantdhingra/e/a3_output/sankranti.net/output/content/Hindu-festivals/chhath-puja/footer.fragment
Hindu-festivals/chhath-puja/kharna-puja-vidhi.html,Hindu-festivals/chhath-puja/kharna-puja-vidhi.html,no,merged,/Users/prashantdhingra/e/a3_output/sankranti.net/output/content/Hindu-festivals/chhath-puja/footer.fragment
Hindu-festivals/chhath-puja/why-sindoor-nose-to-hairline.html,Hindu-festivals/chhath-puja/why-sindoor-nose-to-hairline.html,no,merged,/Users/prashantdhingra/e/a3_output/sankranti.net/output/content/Hindu-festivals/chhath-puja/footer.fragment
Hindu-festivals/chhath-puja/chhath-puja-wishes-maithili.html,Hindu-festivals/chhath-puja/chhath-puja-wishes-maithili.html,no,merged,/Users/prashantdhingra/e/a3_output/sankranti.net/output/content/Hindu-festivals/chhath-puja/footer.fragment
Hindu-festivals/chhath-puja/chhath-puja-prasad-recipes.html,Hindu-festivals/chhath-puja/chhath-puja-prasad-recipes.html,no,merged,/Users/prashantdhingra/e/a3_output/sankranti.net/output/content/Hindu-festivals/chhath-puja/footer.fragment
Hindu-festivals/chhath-puja/chhath-puja-in-usa.html,Hindu-festivals/chhath-puja/chhath-puja-in-usa.html,no,merged,/Users/prashantdhingra/e/a3_output/sankranti.net/output/content/Hindu-festivals/chhath-puja/footer.fragment
Hindu-festivals/chhath-puja/chhath-puja-thekua-recipe.html,Hindu-festivals/chhath-puja/chhath-puja-thekua-recipe.html,no,merged,/Users/prashantdhingra/e/a3_output/sankranti.net/output/content/Hindu-festivals/chhath-puja/footer.fragment
Hindu-festivals/chhath-puja/chhath-puja-wishes-bhojpuri.html,Hindu-festivals/chhath-puja/chhath-puja-wishes-bhojpuri.html,no,merged,/Users/prashantdhingra/e/a3_output/sankranti.net/output/content/Hindu-festivals/chhath-puja/footer.fragment
Hindu-festivals/chhath-puja/why-thekua-offered-chhath-puja.html,Hindu-festivals/chhath-puja/why-thekua-offered-chhath-puja.html,no,merged,/Users/prashantdhingra/e/a3_output/sankranti.net/output/content/Hindu-festivals/chhath-puja/footer.fragment
Hindu-festivals/chhath-puja/chhath-puja-wave3.html,Hindu-festivals/chhath-puja/family-preperation.html,yes,merged,/Users/prashantdhingra/e/a3_output/sankranti.net/output/content/Hindu-festivals/chhath-puja/footer.fragment
Hindu-festivals/chhath-puja/chhath-puja-prasad-folk-traditions.html,Hindu-festivals/chhath-puja/chhath-puja-prasad-folk-traditions.html,no,merged,/Users/prashantdhingra/e/a3_output/sankranti.net/output/content/Hindu-festivals/chhath-puja/footer.fragment
Hindu-festivals/chhath-puja/chhath-puja-folk-songs-themes.html,Hindu-festivals/chhath-puja/chhath-puja-folk-songs-themes.html,no,merged,/Users/prashantdhingra/e/a3_output/sankranti.net/output/content/Hindu-festivals/chhath-puja/footer.fragment
Hindu-festivals/chhath-puja/kasar-recipe-chhath-puja.html,Hindu-festivals/chhath-puja/kasar-recipe-chhath-puja.html,no,merged,/Users/prashantdhingra/e/a3_output/sankranti.net/output/content/Hindu-festivals/chhath-puja/footer.fragment
Hindu-festivals/chhath-puja/chhath-puja-saree-ideas.html,Hindu-festivals/chhath-puja/chhath-puja-saree-ideas.html,no,merged,/Users/prashantdhingra/e/a3_output/sankranti.net/output/content/Hindu-festivals/chhath-puja/footer.fragment
wishes/kannada.html,wishes/kannada.html,yes,merged,/Users/prashantdhingra/e/a3_output/sankranti.net/output/content/wishes/footer.fragment
wishes/telugu.html,wishes/telugu.html,yes,merged,/Users/prashantdhingra/e/a3_output/sankranti.net/output/content/wishes/footer.fragment
wishes/punjabi.html,wishes/punjabi.html,yes,merged,/Users/prashantdhingra/e/a3_output/sankranti.net/output/content/wishes/footer.fragment
wishes/hindi.html,wishes/hindi.html,yes,merged,/Users/prashantdhingra/e/a3_output/sankranti.net/output/content/wishes/footer.fragment
wishes/makarsankranti-wishes-in-gujrati.html,wishes/makarsankranti-wishes-in-gujrati.html,yes,merged,/Users/prashantdhingra/e/a3_output/sankranti.net/output/content/wishes/footer.fragment
wishes/makarsankranti-wishes-in-hindi.html,wishes/makarsankranti-wishes-in-hindi.html,yes,merged,/Users/prashantdhingra/e/a3_output/sankranti.net/output/content/wishes/footer.fragment
wishes/bihari.html,wishes/bihari.html,yes,merged,/Users/prashantdhingra/e/a3_output/sankranti.net/output/content/wishes/footer.fragment
wishes/makarsankranti-play-script.html,wishes/makarsankranti-play-script.html,yes,merged,/Users/prashantdhingra/e/a3_output/sankranti.net/output/content/wishes/footer.fragment
wishes/tamil.html,wishes/tamil.html,yes,merged,/Users/prashantdhingra/e/a3_output/sankranti.net/output/content/wishes/footer.fragment
wishes/marathi..html,wishes/marathi.html,yes,merged,/Users/prashantdhingra/e/a3_output/sankranti.net/output/content/wishes/footer.fragment
wishes/sanskrit.html,wishes/sanskrit.html,yes,merged,/Users/prashantdhingra/e/a3_output/sankranti.net/output/content/wishes/footer.fragment
wishes/kashmiri.html,wishes/kashmiri.html,yes,merged,/Users/prashantdhingra/e/a3_output/sankranti.net/output/content/wishes/footer.fragment
wishes/makar-sankranti-wishes-english-by-purpose.html,wishes/index.html,yes,merged,/Users/prashantdhingra/e/a3_output/sankranti.net/output/content/wishes/footer.fragment
wishes/makarsankranti-wishes-in-bengali.html,wishes/makarsankranti-wishes-in-bengali.html,yes,merged,/Users/prashantdhingra/e/a3_output/sankranti.net/output/content/wishes/footer.fragment
wishes/assamese.html,wishes/assamese.html,yes,merged,/Users/prashantdhingra/e/a3_output/sankranti.net/output/content/wishes/footer.fragment
wishes/makarsankranti-wishes-in-urdu.html,wishes/makarsankranti-wishes-in-urdu.html,yes,merged,/Users/prashantdhingra/e/a3_output/sankranti.net/output/content/wishes/footer.fragment
wishes/makarsankranti-wishes-in-rajasthani.html,wishes/makarsankranti-wishes-in-rajasthani.html,yes,merged,/Users/prashantdhingra/e/a3_output/sankranti.net/output/content/wishes/footer.fragment
wishes/bengali.html,wishes/bengali.html,yes,merged,/Users/prashantdhingra/e/a3_output/sankranti.net/output/content/wishes/footer.fragment
wishes/bhojpuri.html,wishes/bhojpuri.html,yes,merged,/Users/prashantdhingra/e/a3_output/sankranti.net/output/content/wishes/footer.fragment
wishes/sindhi.html,wishes/sindhi.html,yes,merged,/Users/prashantdhingra/e/a3_output/sankranti.net/output/content/wishes/footer.fragment
wishes/english.html,wishes/english.html,yes,merged,/Users/prashantdhingra/e/a3_output/sankranti.net/output/content/wishes/footer.fragment
wishes/makarsankranti-wishes-marathai.html,wishes/makarsankranti-wishes-marathai.html,yes,merged,/Users/prashantdhingra/e/a3_output/sankranti.net/output/content/wishes/footer.fragment
wishes/makarsankranti-wishes-in-garhwali.html,wishes/makarsankranti-wishes-in-garhwali.html,yes,merged,/Users/prashantdhingra/e/a3_output/sankranti.net/output/content/wishes/footer.fragment
wishes/urdu.html,wishes/urdu.html,yes,merged,/Users/prashantdhingra/e/a3_output/sankranti.net/output/content/wishes/footer.fragment
wishes/makarsankranti-wishes-in-marwari-language.html,wishes/makarsankranti-wishes-in-marwari-language.html,yes,merged,/Users/prashantdhingra/e/a3_output/sankranti.net/output/content/wishes/footer.fragment
wishes/malyalam.html,wishes/malyalam.html,yes,merged,/Users/prashantdhingra/e/a3_output/sankranti.net/output/content/wishes/footer.fragment
wishes/nepalese.html,wishes/nepalese.html,yes,merged,/Users/prashantdhingra/e/a3_output/sankranti.net/output/content/wishes/footer.fragment
wishes/gujarati.html,wishes/gujarati.html,yes,merged,/Users/prashantdhingra/e/a3_output/sankranti.net/output/content/wishes/footer.fragment
wishes/makarsankranti-wishes-in-sanskrit-language.html,wishes/makarsankranti-wishes-in-sanskrit-language.html,yes,merged,/Users/prashantdhingra/e/a3_output/sankranti.net/output/content/wishes/footer.fragment
tradition/kite-flying.html,tradition/kite-flying.html,yes,merged,/Users/prashantdhingra/e/a3_output/sankranti.net/output/content/tradition/footer.fragment
tradition/cow-worship.html,tradition/cow-worship.html,yes,merged,/Users/prashantdhingra/e/a3_output/sankranti.net/output/content/tradition/footer.fragment
tradition/farmers.html,tradition/farmers.html,yes,merged,/Users/prashantdhingra/e/a3_output/sankranti.net/output/content/tradition/footer.fragment
tradition/sankranti-tradition.html,tradition/sankranti-tradition.html,yes,merged,/Users/prashantdhingra/e/a3_output/sankranti.net/output/content/tradition/footer.fragment
tradition/shani-surya-story.html,tradition/shani-surya-story.html,yes,merged,/Users/prashantdhingra/e/a3_output/sankranti.net/output/content/tradition/footer.fragment
tradition/til-sweets.html,tradition/til-sweets.html,yes,merged,/Users/prashantdhingra/e/a3_output/sankranti.net/output/content/tradition/footer.fragment
essay/makarsankranti-essay.html,essay/index.html,yes,merged,/Users/prashantdhingra/e/a3_output/sankranti.net/output/content/essay/footer.fragment
